<?xml version="1.0" encoding="UTF-8" ?>
<!DOCTYPE tiles-definitions PUBLIC
       "-//Apache Software Foundation//DTD Tiles Configuration 2.0//EN"
       "http://tiles.apache.org/dtds/tiles-config_2_0.dtd">
<tiles-definitions>
	<definition name="adminDefinition" template="/WEB-INF/tiles-template.jsp">
		<put-attribute name="title" value="Test title admin" />
		<put-attribute name="header" value="/WEB-INF/jsp/admin2543/header.jsp" />
		<put-attribute name="menu" value="" />
		<put-attribute name="body" value="" />
		<put-attribute name="footer" value="/WEB-INF/jsp/admin2543/footer.jsp" />
	</definition>
        
        <definition name="indexDefinition" template="/WEB-INF/tiles-template.jsp">
		<put-attribute name="title" value="Test title index" />
		<put-attribute name="header" value="/WEB-INF/jsp/header.jsp" />
		<put-attribute name="menu" value="" />
		<put-attribute name="body" value="" />
		<put-attribute name="footer" value="/WEB-INF/jsp/footer.jsp" />
	</definition>
</tiles-definitions>